<!DOCTYPE QGLVIEWER>
<QGLViewer version="2.6.3">
  <State stereo="false">
    <foregroundColor red="180" blue="180" green="180"/>
    <backgroundColor red="255" blue="255" green="255"/>
  </State>
  <Display gridIsDrawn="false" axisIsDrawn="false" cameraIsEdited="false" FPSIsDisplayed="false"/>
  <Geometry fullScreen="false" height="700" posX="655" width="1000" posY="48"/>
  <Camera>
    <Parameters fieldOfView="0.785398" zClippingCoefficient="1.73205" Type="PERSPECTIVE" orthoCoef="0.00370653" zNearCoefficient="0.005" sceneRadius="1369.38">
      <SceneCenter x="-82.6" y="-51.975" z="130.725"/>
    </Parameters>
    <Stereo IODist="0.062" physScreenWidth="0.5" focusDistance="3305.98"/>
    <ManipulatedCameraFrame>
      <position x="-2109.6" y="-47.7852" z="430.959"/>
      <orientation q1="-0.571462" q3="0.615625" q0="-0.406394" q2="0.359557"/>
      <ManipulatedParameters rotSens="1" wheelSens="-1" spinSens="0.3" zoomSens="1" transSens="1"/>
      <ManipulatedCameraParameters rotatesAroundUpVector="false" zoomsOnPivotPoint="false" flySpeed="13.6938">
        <sceneUpVector x="-8.74228e-08" y="-4.37114e-08" z="1"/>
      </ManipulatedCameraParameters>
    </ManipulatedCameraFrame>
  </Camera>
  <ManipulatedFrame>
    <position x="-2109.6" y="-47.7852" z="430.959"/>
    <orientation q1="-0.571462" q3="0.615625" q0="-0.406394" q2="0.359557"/>
    <ManipulatedParameters rotSens="1" wheelSens="-1" spinSens="0.3" zoomSens="1" transSens="1"/>
    <ManipulatedCameraParameters rotatesAroundUpVector="false" zoomsOnPivotPoint="false" flySpeed="13.6938">
      <sceneUpVector x="-8.74228e-08" y="-4.37114e-08" z="1"/>
    </ManipulatedCameraParameters>
  </ManipulatedFrame>
</QGLViewer>
